{
    "frames":{
        "gold": {
            "frame":{ "x":444,"y":0,"w":32,"h":32 },
            "rotated":false,
            "trimmed":false,
            "spriteSourceSize":{ "x":0,"y":0,"w":32,"h":32 },
            "sourceSize":{ "w":32,"h":32 }
        },
        "stairsu": {
            "frame":{ "x":444,"y":36,"w":32,"h":32 },
            "rotated":false,
            "trimmed":false,
            "spriteSourceSize":{ "x":0,"y":0,"w":32,"h":32 },
            "sourceSize":{ "w":32,"h":32 }
        },
        "grue": {
            "frame":{ "x":444,"y":72,"w":32,"h":32 },
            "rotated":false,
            "trimmed":false,
            "spriteSourceSize":{ "x":0,"y":0,"w":32,"h":32 },
            "sourceSize":{ "w":32,"h":32 }
        },
        "bgrtile": {
            "frame":{ "x":312,"y":0,"w":128,"h":128 },
            "rotated":false,
            "trimmed":false,
            "spriteSourceSize":{ "x":0,"y":0,"w":128,"h":128 },
            "sourceSize":{ "w":128,"h":128 }
        },
        "stairsd": {
            "frame":{ "x":444,"y":108,"w":32,"h":32 },
            "rotated":false,
            "trimmed":false,
            "spriteSourceSize":{ "x":0,"y":0,"w":32,"h":32 },
            "sourceSize":{ "w":32,"h":32 }
        },
        "treasure": {
            "frame":{ "x":312,"y":132,"w":32,"h":32 },
            "rotated":false,
            "trimmed":false,
            "spriteSourceSize":{ "x":0,"y":0,"w":32,"h":32 },
            "sourceSize":{ "w":32,"h":32 }
        },
        "rock": {
            "frame":{ "x":348,"y":132,"w":32,"h":32 },
            "rotated":false,
            "trimmed":false,
            "spriteSourceSize":{ "x":0,"y":0,"w":32,"h":32 },
            "sourceSize":{ "w":32,"h":32 }
        },
        "frame": {
            "frame":{ "x":384,"y":132,"w":32,"h":32 },
            "rotated":false,
            "trimmed":false,
            "spriteSourceSize":{ "x":0,"y":0,"w":32,"h":32 },
            "sourceSize":{ "w":32,"h":32 }
        },
        "door": {
            "frame":{ "x":420,"y":144,"w":32,"h":32 },
            "rotated":false,
            "trimmed":false,
            "spriteSourceSize":{ "x":0,"y":0,"w":32,"h":32 },
            "sourceSize":{ "w":32,"h":32 }
        },
        "pit": {
            "frame":{ "x":456,"y":144,"w":32,"h":32 },
            "rotated":false,
            "trimmed":false,
            "spriteSourceSize":{ "x":0,"y":0,"w":32,"h":32 },
            "sourceSize":{ "w":32,"h":32 }
        },
        "wyvern": {
            "frame":{ "x":0,"y":168,"w":32,"h":32 },
            "rotated":false,
            "trimmed":false,
            "spriteSourceSize":{ "x":0,"y":0,"w":32,"h":32 },
            "sourceSize":{ "w":32,"h":32 }
        },
        "dragon": {
            "frame":{ "x":36,"y":168,"w":32,"h":32 },
            "rotated":false,
            "trimmed":false,
            "spriteSourceSize":{ "x":0,"y":0,"w":32,"h":32 },
            "sourceSize":{ "w":32,"h":32 }
        },
        "player": {
            "frame":{ "x":72,"y":168,"w":32,"h":32 },
            "rotated":false,
            "trimmed":false,
            "spriteSourceSize":{ "x":0,"y":0,"w":32,"h":32 },
            "sourceSize":{ "w":32,"h":32 }
        },
        "floor": {
            "frame":{ "x":108,"y":168,"w":32,"h":32 },
            "rotated":false,
            "trimmed":false,
            "spriteSourceSize":{ "x":0,"y":0,"w":32,"h":32 },
            "sourceSize":{ "w":32,"h":32 }
        },
        "passage": {
            "frame":{ "x":144,"y":168,"w":32,"h":32 },
            "rotated":false,
            "trimmed":false,
            "spriteSourceSize":{ "x":0,"y":0,"w":32,"h":32 },
            "sourceSize":{ "w":32,"h":32 }
        },
        "snake": {
            "frame":{ "x":180,"y":168,"w":32,"h":32 },
            "rotated":false,
            "trimmed":false,
            "spriteSourceSize":{ "x":0,"y":0,"w":32,"h":32 },
            "sourceSize":{ "w":32,"h":32 }
        },
        "scroll": {
            "frame":{ "x":0,"y":0,"w":309,"h":166 },
            "rotated":false,
            "trimmed":false,
            "spriteSourceSize":{ "x":0,"y":0,"w":309,"h":166 },
            "sourceSize":{ "w":309,"h":166 }
        },
        "nuibus": {
            "frame":{ "x":216,"y":168,"w":32,"h":32 },
            "rotated":false,
            "trimmed":false,
            "spriteSourceSize":{ "x":0,"y":0,"w":32,"h":32 },
            "sourceSize":{ "w":32,"h":32 }
        },
        "spider": {
            "frame":{ "x":252,"y":168,"w":32,"h":32 },
            "rotated":false,
            "trimmed":false,
            "spriteSourceSize":{ "x":0,"y":0,"w":32,"h":32 },
            "sourceSize":{ "w":32,"h":32 }
        }
    },
    "meta":{
        "app":"Paul Robson's Python texture packer",
        "version":"1.0",
        "image":"sprites.png",
        "size":{
             "w":512,
             "h":202
         },
         "scale":1
    }
}
